{
  "IcoMoonType": "selection",
  "icons": [
    {
      "icon": {
        "paths": [
          "M837.839 15.245c0 0-34.304-34.304-68.608 0l-718.355 718.355 239.5 239.548 34.207-34.207-0.049-0.049 684.195-684.194c34.304-34.304 0-68.608 0-68.608l-170.89-170.847zM290.23 904.588l-170.843-170.842 547.415-547.463 170.843 170.843-547.415 547.462zM871.852 322.966l-170.843-170.843 102.574-102.574 170.843 170.843-102.574 102.574z",
          "M66.214 957.761l35.997-172.778-51.915-51.915-50.27 290.931 290.302-50.948-15.772-15.724-28.547-28.595z"
        ],
        "attrs": [
          {
            "fill": "rgb(197, 51, 115)"
          },
          {
            "fill": "rgb(197, 51, 115)"
          }
        ],
        "isMulticolor": false,
        "isMulticolor2": false,
        "grid": 0,
        "tags": [
          "pencil-outline"
        ]
      },
      "attrs": [
        {
          "fill": "rgb(197, 51, 115)"
        },
        {
          "fill": "rgb(197, 51, 115)"
        }
      ],
      "properties": {
        "order": 619,
        "id": 59,
        "name": "pencil-outline",
        "prevSize": 32,
        "code": 59659
      },
      "setIdx": 0,
      "setId": 81,
      "iconIdx": 0
    },
    {
      "icon": {
        "paths": [
          "M656.528 512.522l336.502-336.845c39.938-39.979 39.938-104.696 0-144.675s-104.59-39.979-144.528 0l-336.502 336.845-336.502-336.845c-39.938-39.979-104.59-39.979-144.528 0s-39.938 104.696 0 144.675l336.502 336.845-336.502 336.845c-39.938 39.979-39.938 104.696 0 144.675 20.021 19.937 46.090 29.958 72.264 29.958s52.243-10.021 72.264-29.958l336.502-336.845 336.502 336.845c19.917 19.937 46.090 29.958 72.264 29.958s52.243-10.021 72.264-29.958c39.938-39.979 39.938-104.696 0-144.675l-336.502-336.845z"
        ],
        "attrs": [
          {
            "fill": "rgb(183, 0, 80)"
          }
        ],
        "isMulticolor": false,
        "isMulticolor2": false,
        "grid": 0,
        "tags": [
          "close"
        ]
      },
      "attrs": [
        {
          "fill": "rgb(183, 0, 80)"
        }
      ],
      "properties": {
        "order": 603,
        "id": 60,
        "name": "close",
        "prevSize": 32,
        "code": 59660
      },
      "setIdx": 0,
      "setId": 81,
      "iconIdx": 1
    },
    {
      "icon": {
        "paths": [
          "M960 96h-896c-35.328 0-64 28.672-64 64v704c0 35.36 28.672 64 64 64h896c35.36 0 64-28.64 64-64v-704c0-35.328-28.64-64-64-64zM928 832h-832v-489.567l374.848 314.56c11.937 9.984 26.56 15.009 41.152 15.009 14.624 0 29.216-5.025 41.152-15.009l374.848-314.56v489.567zM928 217.12l-416 349.057-416-349.057v-25.12h832v25.12z"
        ],
        "attrs": [
          {}
        ],
        "isMulticolor": false,
        "isMulticolor2": false,
        "tags": [
          "new-email-interface-symbol-of-closed-envelope-back"
        ],
        "grid": 0
      },
      "attrs": [
        {}
      ],
      "properties": {
        "order": 604,
        "id": 61,
        "name": "email",
        "prevSize": 32,
        "code": 59655
      },
      "setIdx": 0,
      "setId": 81,
      "iconIdx": 2
    },
    {
      "icon": {
        "paths": [
          "M-0 460.851h460.749v-460.851h-460.749v460.851zM563.149 0v460.851h460.698v-460.851h-460.698zM-0 1024h460.749v-460.8h-460.749v460.8zM563.149 1024h460.698v-460.8h-460.698v460.8z"
        ],
        "attrs": [
          {}
        ],
        "isMulticolor": false,
        "isMulticolor2": false,
        "tags": [
          "mode-grid"
        ],
        "grid": 0
      },
      "attrs": [
        {}
      ],
      "properties": {
        "order": 605,
        "id": 62,
        "name": "mode-grid",
        "prevSize": 32,
        "code": 59654
      },
      "setIdx": 0,
      "setId": 81,
      "iconIdx": 3
    },
    {
      "icon": {
        "paths": [
          "M0 0v102.4h1023.795v-102.4h-1023.795zM0 409.651h1023.795v-102.451h-1023.795v102.451zM0 716.8h1023.795v-102.4h-1023.795v102.4zM0 1024h1023.795v-102.451h-1023.795v102.451z"
        ],
        "attrs": [
          {}
        ],
        "isMulticolor": false,
        "isMulticolor2": false,
        "tags": [
          "mode-list"
        ],
        "grid": 0
      },
      "attrs": [
        {}
      ],
      "properties": {
        "order": 606,
        "id": 63,
        "name": "mode-list",
        "prevSize": 32,
        "code": 59653
      },
      "setIdx": 0,
      "setId": 81,
      "iconIdx": 4
    },
    {
      "icon": {
        "paths": [
          "M512 0c-282.28 0-511.966 229.686-511.966 512 0 282.28 229.686 512 511.966 512 282.246 0 511.966-229.72 511.966-512 0-282.314-229.72-512-511.966-512zM579.515 866.454h-135.030v-151.909h135.030v151.909zM579.515 659.689h-135.030v-485.264h135.030v485.264z"
        ],
        "attrs": [
          {}
        ],
        "isMulticolor": false,
        "isMulticolor2": false,
        "tags": [
          "exclamation-warning-sign-in-a-circle"
        ],
        "grid": 0
      },
      "attrs": [
        {}
      ],
      "properties": {
        "order": 607,
        "id": 64,
        "name": "nuetral-round",
        "prevSize": 32,
        "code": 59652
      },
      "setIdx": 0,
      "setId": 81,
      "iconIdx": 5
    },
    {
      "icon": {
        "paths": [
          "M512 0c-283.927 0-512 228.073-512 512s228.073 512 512 512 512-228.073 512-512-228.073-512-512-512zM586.473 521.309l174.545 174.545c4.655 4.655 6.982 11.636 6.982 16.291s-2.327 11.636-6.982 16.291l-32.582 32.582c-4.655 4.655-11.636 6.982-16.291 6.982-6.982 0-11.636-2.327-16.291-6.982l-174.545-174.545c-4.655-4.655-11.636-4.655-16.291 0l-174.545 174.545c-4.655 4.655-11.636 6.982-16.291 6.982-6.982 0-11.636-2.327-16.291-6.982l-32.582-32.582c-4.655-4.655-6.982-11.636-6.982-16.291s2.327-11.636 6.982-16.291l174.545-174.545c4.655-4.655 4.655-11.636 0-16.291l-174.545-174.545c-4.655-4.655-6.982-11.636-6.982-16.291s2.327-11.636 6.982-16.291l32.582-32.582c4.655-4.655 11.636-6.982 16.291-6.982s11.636 2.327 16.291 6.982l174.545 174.545c4.655 4.655 11.636 4.655 16.291 0l174.545-174.545c4.655-4.655 11.636-6.982 16.291-6.982 6.982 0 11.636 2.327 16.291 6.982l32.582 32.582c4.655 4.655 6.982 11.636 6.982 16.291s-2.327 11.636-6.982 16.291l-174.545 174.545c-4.655 2.327-4.655 11.636 0 16.291z"
        ],
        "attrs": [
          {}
        ],
        "isMulticolor": false,
        "isMulticolor2": false,
        "tags": [
          "error-round"
        ],
        "grid": 0
      },
      "attrs": [
        {}
      ],
      "properties": {
        "order": 608,
        "id": 65,
        "name": "error-round",
        "prevSize": 32,
        "code": 59681
      },
      "setIdx": 0,
      "setId": 81,
      "iconIdx": 6
    },
    {
      "icon": {
        "paths": [
          "M512 1023.189c-282.322 0-511.189-228.867-511.189-511.189s228.867-511.189 511.189-511.189c282.322 0 511.189 228.867 511.189 511.189s-228.867 511.189-511.189 511.189zM736.761 275.068l-282.371 282.371-129.826-129.826-110.352 111.163 129.014 129.014v0.811l110.352 110.352 394.345-393.534z"
        ],
        "attrs": [],
        "isMulticolor": false,
        "isMulticolor2": false,
        "colorPermutations": {
          "1216801190190190122421131122519131122522131123252471236014015177941": []
        },
        "tags": [
          "In Stock"
        ],
        "grid": 0
      },
      "attrs": [],
      "properties": {
        "order": 609,
        "id": 66,
        "name": "success-round",
        "prevSize": 32,
        "code": 59663
      },
      "setIdx": 0,
      "setId": 81,
      "iconIdx": 7
    },
    {
      "icon": {
        "paths": [
          "M325.8 457.4v111.8h184.8c-7.4 48-55.8 140.6-184.8 140.6-111.2 0-202-92.2-202-205.8s90.8-205.8 202-205.8c63.4 0 105.6 27 129.8 50.2l88.4-85.2c-56.8-53-130.4-85.2-218.2-85.2-180.2 0.2-325.8 145.8-325.8 326s145.6 325.8 325.8 325.8c188 0 312.8-132.2 312.8-318.4 0-21.4-2.4-37.8-5.2-54h-307.6z",
          "M1024 448h-96v-96h-96v96h-96v96h96v96h96v-96h96z"
        ],
        "attrs": [],
        "isMulticolor": false,
        "isMulticolor2": false,
        "tags": [
          "google-plus",
          "brand",
          "social"
        ],
        "grid": 16
      },
      "attrs": [],
      "properties": {
        "order": 610,
        "prevSize": 16,
        "ligatures": "google-plus, brand5",
        "name": "google-plus",
        "id": 67,
        "code": 59656
      },
      "setIdx": 0,
      "setId": 81,
      "iconIdx": 8
    },
    {
      "icon": {
        "paths": [
          "M608 192h160v-192h-160c-123.514 0-224 100.486-224 224v96h-128v192h128v512h192v-512h160l32-192h-192v-96c0-17.346 14.654-32 32-32z"
        ],
        "attrs": [],
        "isMulticolor": false,
        "isMulticolor2": false,
        "tags": [
          "facebook",
          "brand",
          "social"
        ],
        "grid": 16
      },
      "attrs": [],
      "properties": {
        "order": 611,
        "prevSize": 16,
        "ligatures": "facebook, brand10",
        "name": "facebook",
        "id": 68,
        "code": 59648
      },
      "setIdx": 0,
      "setId": 81,
      "iconIdx": 9
    },
    {
      "icon": {
        "paths": [
          "M1024 226.4c-37.6 16.8-78.2 28-120.6 33 43.4-26 76.6-67.2 92.4-116.2-40.6 24-85.6 41.6-133.4 51-38.4-40.8-93-66.2-153.4-66.2-116 0-210 94-210 210 0 16.4 1.8 32.4 5.4 47.8-174.6-8.8-329.4-92.4-433-219.6-18 31-28.4 67.2-28.4 105.6 0 72.8 37 137.2 93.4 174.8-34.4-1-66.8-10.6-95.2-26.2 0 0.8 0 1.8 0 2.6 0 101.8 72.4 186.8 168.6 206-17.6 4.8-36.2 7.4-55.4 7.4-13.6 0-26.6-1.4-39.6-3.8 26.8 83.4 104.4 144.2 196.2 146-72 56.4-162.4 90-261 90-17 0-33.6-1-50.2-3 93.2 59.8 203.6 94.4 322.2 94.4 386.4 0 597.8-320.2 597.8-597.8 0-9.2-0.2-18.2-0.6-27.2 41-29.4 76.6-66.4 104.8-108.6z"
        ],
        "attrs": [],
        "isMulticolor": false,
        "isMulticolor2": false,
        "tags": [
          "twitter",
          "brand",
          "tweet",
          "social"
        ],
        "grid": 16
      },
      "attrs": [],
      "properties": {
        "order": 612,
        "prevSize": 16,
        "ligatures": "twitter, brand16",
        "name": "twitter",
        "id": 69,
        "code": 59650
      },
      "setIdx": 0,
      "setId": 81,
      "iconIdx": 10
    },
    {
      "icon": {
        "paths": [
          "M384 384h177.106v90.782h2.532c24.64-44.194 84.958-90.782 174.842-90.782 186.946 0 221.52 116.376 221.52 267.734v308.266h-184.61v-273.278c0-65.184-1.334-149.026-96.028-149.026-96.148 0-110.82 70.986-110.82 144.292v278.012h-184.542v-576z",
          "M64 384h192v576h-192v-576z",
          "M256 224c0 53.019-42.981 96-96 96s-96-42.981-96-96c0-53.019 42.981-96 96-96s96 42.981 96 96z"
        ],
        "attrs": [],
        "isMulticolor": false,
        "isMulticolor2": false,
        "tags": [
          "linkedin",
          "brand",
          "social"
        ],
        "grid": 16
      },
      "attrs": [],
      "properties": {
        "order": 613,
        "prevSize": 16,
        "ligatures": "linkedin2, brand65",
        "name": "linkedin2",
        "id": 70,
        "code": 59657
      },
      "setIdx": 0,
      "setId": 81,
      "iconIdx": 11
    },
    {
      "icon": {
        "paths": [
          "M512 68.4c-245 0-443.6 198.6-443.6 443.6 0 188 117 348.4 282 413-3.8-35-7.4-89 1.6-127.2 8-34.6 52-220.4 52-220.4s-13.2-26.6-13.2-65.8c0-61.6 35.8-107.8 80.2-107.8 37.8 0 56.2 28.4 56.2 62.4 0 38-24.2 95-36.8 147.6-10.6 44.2 22 80.2 65.6 80.2 78.8 0 139.4-83.2 139.4-203.2 0-106.2-76.4-180.4-185.2-180.4-126.2 0-200.2 94.6-200.2 192.6 0 38.2 14.6 79 33 101.2 3.6 4.4 4.2 8.2 3 12.8-3.4 14-10.8 44.2-12.4 50.4-2 8.2-6.4 9.8-14.8 6-55.4-25.8-90-106.8-90-171.8 0-140 101.6-268.4 293-268.4 153.8 0 273.4 109.6 273.4 256.2 0 152.8-96.4 276-230.2 276-45 0-87.2-23.4-101.6-51 0 0-22.2 84.6-27.6 105.4-10 38.6-37 86.8-55.2 116.2 41.6 12.8 85.6 19.8 131.4 19.8 245 0 443.6-198.6 443.6-443.6 0-245.2-198.6-443.8-443.6-443.8z"
        ],
        "attrs": [],
        "isMulticolor": false,
        "isMulticolor2": false,
        "tags": [
          "pinterest",
          "brand",
          "social"
        ],
        "grid": 16
      },
      "attrs": [],
      "properties": {
        "order": 614,
        "prevSize": 16,
        "name": "pinterest",
        "ligatures": "pinterest, brand72",
        "id": 71,
        "code": 59658
      },
      "setIdx": 0,
      "setId": 81,
      "iconIdx": 12
    },
    {
      "icon": {
        "paths": [
          "M992 384h-352v-352c0-17.672-14.328-32-32-32h-192c-17.672 0-32 14.328-32 32v352h-352c-17.672 0-32 14.328-32 32v192c0 17.672 14.328 32 32 32h352v352c0 17.672 14.328 32 32 32h192c17.672 0 32-14.328 32-32v-352h352c17.672 0 32-14.328 32-32v-192c0-17.672-14.328-32-32-32z"
        ],
        "attrs": [],
        "isMulticolor": false,
        "tags": [
          "plus",
          "add",
          "sum"
        ],
        "grid": 16
      },
      "attrs": [],
      "properties": {
        "order": 617,
        "prevSize": 16,
        "ligatures": "plus, add",
        "name": "plus",
        "id": 74,
        "code": 59678
      },
      "setIdx": 0,
      "setId": 81,
      "iconIdx": 15
    },
    {
      "icon": {
        "paths": [
          "M0 416v192c0 17.672 14.328 32 32 32h960c17.672 0 32-14.328 32-32v-192c0-17.672-14.328-32-32-32h-960c-17.672 0-32 14.328-32 32z"
        ],
        "attrs": [],
        "isMulticolor": false,
        "tags": [
          "minus",
          "subtract",
          "minimize",
          "line"
        ],
        "grid": 16
      },
      "attrs": [],
      "properties": {
        "order": 618,
        "prevSize": 16,
        "ligatures": "minus, subtract",
        "name": "minus",
        "id": 75,
        "code": 59661
      },
      "setIdx": 0,
      "setId": 81,
      "iconIdx": 16
    },
    {
      "icon": {
        "paths": [
          "M962.56 410.726h-328.346l-122.214-344.166-122.317 344.166h-328.294l267.878 202.086-95.795 354.765 278.528-212.685 278.426 212.685-95.693-354.765 267.827-202.086zM512 654.49l-154.317 128 63.642-182.374-145.971-117.76 180.326 5.171 56.32-206.848 56.269 206.848 180.275-5.171-145.971 117.76 63.642 182.374-154.214-128z"
        ],
        "attrs": [
          {}
        ],
        "isMulticolor": false,
        "isMulticolor2": false,
        "tags": [
          "star-outlined"
        ],
        "grid": 20
      },
      "attrs": [
        {}
      ],
      "properties": {
        "order": 615,
        "id": 72,
        "prevSize": 20,
        "code": 59651,
        "name": "star-outlined"
      },
      "setIdx": 0,
      "setId": 81,
      "iconIdx": 13
    },
    {
      "icon": {
        "paths": [
          "M512 66.56l122.266 344.166h328.294l-267.878 202.138 95.795 354.714-278.477-212.685-278.426 212.685 95.744-354.714-267.93-202.138h328.294l122.317-344.166z"
        ],
        "attrs": [
          {}
        ],
        "isMulticolor": false,
        "isMulticolor2": false,
        "tags": [
          "star"
        ],
        "grid": 20
      },
      "attrs": [
        {}
      ],
      "properties": {
        "order": 616,
        "id": 73,
        "prevSize": 20,
        "code": 59649,
        "name": "star"
      },
      "setIdx": 0,
      "setId": 81,
      "iconIdx": 14
    }
  ],
  "height": 1024,
  "metadata": {
    "name": "jasco"
  },
  "preferences": {
    "showGlyphs": true,
    "showQuickUse": true,
    "showQuickUse2": true,
    "showSVGs": true,
    "fontPref": {
      "prefix": "icon-",
      "metadata": {
        "fontFamily": "jasco",
        "majorVersion": 1,
        "minorVersion": 0
      },
      "metrics": {
        "emSize": 1024,
        "baseline": 6.25,
        "whitespace": 50
      },
      "embed": false,
      "noie8": false,
      "ie7": false,
      "showSelector": false,
      "showMetrics": false,
      "showMetadata": false,
      "showVersion": false,
      "cssVars": true,
      "cssVarsFormat": "less"
    },
    "imagePref": {
      "prefix": "icon-",
      "png": true,
      "useClassSelector": true,
      "color": 0,
      "bgColor": 16777215,
      "classSelector": ".icon"
    },
    "historySize": 100,
    "showCodes": true,
    "gridSize": 16
  }
}